{
  "engine": "custom",
  "condition": "BOX",
  "bed_z": -73.45994186401367,
  "target": [
    30.0,
    0.0
  ],
  "manifest": {
    "objects": [
      {
        "type": "box",
        "xy": [
          30.0,
          0.0
        ],
        "scale": [
          2,
          2,
          2
        ]
      }
    ]
  },
  "poses": {
    "headon": {
      "commanded": [
        30.0,
        -15.0,
        -70.45994186401367,
        90.0
      ],
      "actual_xyz": [
        30.0,
        -14.8896,
        -70.3955
      ]
    },
    "left45": {
      "commanded": [
        18.0,
        -12.0,
        -70.45994186401367,
        45.0
      ],
      "actual_xyz": [
        18.0781,
        -11.9219,
        -70.3955
      ]
    },
    "right45": {
      "commanded": [
        42.0,
        -12.0,
        -70.45994186401367,
        135.0
      ],
      "actual_xyz": [
        41.9219,
        -11.9219,
        -70.3955
      ]
    }
  }
}