{
  "r22_p0000_k00": {
    "commanded": [
      60.0,
      0.0,
      -70.46761703491211,
      180.0
    ],
    "actual_xyz": [
      59.8895,
      -0.0,
      -70.4031
    ],
    "yaw_rad": 3.141592653589793
  },
  "r22_p0000_k01": {
    "commanded": [
      58.32534971524831,
      8.419035512031975,
      -70.46761703491211,
      -157.5
    ],
    "actual_xyz": [
      58.2072,
      8.3785,
      -70.3874
    ],
    "yaw_rad": -2.748893571891069
  },
  "r22_p0000_k02": {
    "commanded": [
      53.55634918610404,
      15.556349186104047,
      -70.46761703491211,
      -135.0
    ],
    "actual_xyz": [
      53.4793,
      15.478,
      -70.4018
    ],
    "yaw_rad": -2.356194490192345
  },
  "r22_p0000_k03": {
    "commanded": [
      46.419035512031975,
      20.325349715248308,
      -70.46761703491211,
      -112.5
    ],
    "actual_xyz": [
      46.377,
      20.2233,
      -70.403
    ],
    "yaw_rad": -1.9634954084936207
  },
  "r22_p0000_k04": {
    "commanded": [
      38.0,
      22.0,
      -70.46761703491211,
      -90.0
    ],
    "actual_xyz": [
      38.0,
      21.8896,
      -70.4031
    ],
    "yaw_rad": -1.5707963267948966
  },
  "r22_p0000_k05": {
    "commanded": [
      29.580964487968025,
      20.325349715248308,
      -70.46761703491211,
      -67.5
    ],
    "actual_xyz": [
      29.6232,
      20.2233,
      -70.4031
    ],
    "yaw_rad": -1.1780972450961724
  },
  "r22_p0000_k06": {
    "commanded": [
      22.443650813895957,
      15.556349186104047,
      -70.46761703491211,
      -45.00000000000001
    ],
    "actual_xyz": [
      22.5218,
      15.4783,
      -70.4031
    ],
    "yaw_rad": -0.7853981633974484
  },
  "r22_p0000_k07": {
    "commanded": [
      17.674650284751692,
      8.419035512031977,
      -70.46761703491211,
      -22.500000000000007
    ],
    "actual_xyz": [
      17.7767,
      8.3768,
      -70.4031
    ],
    "yaw_rad": -0.39269908169872425
  },
  "r22_p0000_k08": {
    "commanded": [
      16.0,
      2.6942229581241772e-15,
      -70.46761703491211,
      -7.016709298534876e-15
    ],
    "actual_xyz": [
      16.1104,
      0.0,
      -70.4031
    ],
    "yaw_rad": -1.2246467991473532e-16
  },
  "r22_p0000_k09": {
    "commanded": [
      17.67465028475169,
      -8.419035512031973,
      -70.46761703491211,
      22.499999999999993
    ],
    "actual_xyz": [
      17.7767,
      -8.3768,
      -70.4031
    ],
    "yaw_rad": 0.39269908169872403
  },
  "r22_p0000_k10": {
    "commanded": [
      22.44365081389595,
      -15.556349186104043,
      -70.46761703491211,
      44.999999999999986
    ],
    "actual_xyz": [
      22.5217,
      -15.4782,
      -70.4031
    ],
    "yaw_rad": 0.7853981633974481
  },
  "r22_p0000_k11": {
    "commanded": [
      29.58096448796801,
      -20.325349715248304,
      -70.46761703491211,
      67.49999999999996
    ],
    "actual_xyz": [
      29.6232,
      -20.2233,
      -70.4031
    ],
    "yaw_rad": 1.1780972450961718
  },
  "r22_p0000_k12": {
    "commanded": [
      37.99999999999999,
      -22.0,
      -70.46761703491211,
      89.99999999999999
    ],
    "actual_xyz": [
      38.0,
      -21.8896,
      -70.4031
    ],
    "yaw_rad": 1.5707963267948963
  },
  "r22_p0000_k13": {
    "commanded": [
      46.41903551203198,
      -20.325349715248304,
      -70.46761703491211,
      112.50000000000003
    ],
    "actual_xyz": [
      46.3768,
      -20.2233,
      -70.4031
    ],
    "yaw_rad": 1.9634954084936211
  },
  "r22_p0000_k14": {
    "commanded": [
      53.55634918610404,
      -15.556349186104049,
      -70.46761703491211,
      135.0
    ],
    "actual_xyz": [
      53.4782,
      -15.4783,
      -70.4031
    ],
    "yaw_rad": 2.356194490192345
  },
  "r22_p0000_k15": {
    "commanded": [
      58.32534971524831,
      -8.41903551203199,
      -70.46761703491211,
      157.49999999999997
    ],
    "actual_xyz": [
      58.2233,
      -8.3768,
      -70.4031
    ],
    "yaw_rad": 2.7488935718910685
  }
}