{
  "r18_p0000_k00": {
    "commanded": [
      56.0,
      0.0,
      -70.46761703491211,
      180.0
    ],
    "actual_xyz": [
      55.8895,
      -0.0,
      -70.4031
    ],
    "yaw_rad": 3.141592653589793
  },
  "r18_p0000_k01": {
    "commanded": [
      54.62983158520316,
      6.888301782571616,
      -70.46761703491211,
      -157.5
    ],
    "actual_xyz": [
      54.5278,
      6.846,
      -70.4031
    ],
    "yaw_rad": -2.748893571891069
  },
  "r18_p0000_k02": {
    "commanded": [
      50.72792206135786,
      12.727922061357857,
      -70.46761703491211,
      -135.0
    ],
    "actual_xyz": [
      50.6498,
      12.6498,
      -70.4031
    ],
    "yaw_rad": -2.356194490192345
  },
  "r18_p0000_k03": {
    "commanded": [
      44.88830178257162,
      16.62983158520316,
      -70.46761703491211,
      -112.50000000000001
    ],
    "actual_xyz": [
      44.8461,
      16.5278,
      -70.4031
    ],
    "yaw_rad": -1.963495408493621
  },
  "r18_p0000_k04": {
    "commanded": [
      38.0,
      18.0,
      -70.46761703491211,
      -90.0
    ],
    "actual_xyz": [
      38.0,
      17.8896,
      -70.4031
    ],
    "yaw_rad": -1.5707963267948966
  },
  "r18_p0000_k05": {
    "commanded": [
      31.111698217428383,
      16.62983158520316,
      -70.46761703491211,
      -67.5
    ],
    "actual_xyz": [
      31.154,
      16.5278,
      -70.4031
    ],
    "yaw_rad": -1.1780972450961724
  },
  "r18_p0000_k06": {
    "commanded": [
      25.272077938642145,
      12.727922061357857,
      -70.46761703491211,
      -45.00000000000001
    ],
    "actual_xyz": [
      25.3502,
      12.6498,
      -70.4031
    ],
    "yaw_rad": -0.7853981633974484
  },
  "r18_p0000_k07": {
    "commanded": [
      21.37016841479684,
      6.888301782571618,
      -70.46761703491211,
      -22.50000000000001
    ],
    "actual_xyz": [
      21.4722,
      6.8461,
      -70.4031
    ],
    "yaw_rad": -0.39269908169872436
  },
  "r18_p0000_k08": {
    "commanded": [
      20.0,
      2.204364238465236e-15,
      -70.46761703491211,
      -7.016709298534876e-15
    ],
    "actual_xyz": [
      20.1104,
      0.0,
      -70.4031
    ],
    "yaw_rad": -1.2246467991473532e-16
  },
  "r18_p0000_k09": {
    "commanded": [
      21.370168414796836,
      -6.888301782571614,
      -70.46761703491211,
      22.499999999999993
    ],
    "actual_xyz": [
      21.4722,
      -6.846,
      -70.4031
    ],
    "yaw_rad": 0.39269908169872403
  },
  "r18_p0000_k10": {
    "commanded": [
      25.27207793864214,
      -12.727922061357855,
      -70.46761703491211,
      44.99999999999999
    ],
    "actual_xyz": [
      25.3502,
      -12.6498,
      -70.4031
    ],
    "yaw_rad": 0.7853981633974482
  },
  "r18_p0000_k11": {
    "commanded": [
      31.111698217428373,
      -16.629831585203156,
      -70.46761703491211,
      67.49999999999996
    ],
    "actual_xyz": [
      31.1539,
      -16.5278,
      -70.4031
    ],
    "yaw_rad": 1.1780972450961718
  },
  "r18_p0000_k12": {
    "commanded": [
      38.0,
      -18.0,
      -70.46761703491211,
      90.0
    ],
    "actual_xyz": [
      38.0,
      -17.8896,
      -70.4031
    ],
    "yaw_rad": 1.5707963267948966
  },
  "r18_p0000_k13": {
    "commanded": [
      44.88830178257162,
      -16.62983158520316,
      -70.46761703491211,
      112.50000000000001
    ],
    "actual_xyz": [
      44.846,
      -16.5278,
      -70.4031
    ],
    "yaw_rad": 1.963495408493621
  },
  "r18_p0000_k14": {
    "commanded": [
      50.72792206135785,
      -12.727922061357859,
      -70.46761703491211,
      135.0
    ],
    "actual_xyz": [
      50.6498,
      -12.6498,
      -70.4031
    ],
    "yaw_rad": 2.356194490192345
  },
  "r18_p0000_k15": {
    "commanded": [
      54.629831585203156,
      -6.888301782571627,
      -70.46761703491211,
      157.49999999999997
    ],
    "actual_xyz": [
      54.5278,
      -6.8461,
      -70.4031
    ],
    "yaw_rad": 2.7488935718910685
  }
}