{
  "r22_p1125_k00": {
    "commanded": [
      59.577276168871066,
      4.291987084354822,
      -70.46761703491211,
      -168.75
    ],
    "actual_xyz": [
      59.4689,
      4.2704,
      -70.4031
    ],
    "yaw_rad": -2.9452431127404313
  },
  "r22_p1125_k01": {
    "commanded": [
      56.292331470655995,
      12.222545126431248,
      -70.46761703491211,
      -146.25
    ],
    "actual_xyz": [
      56.2005,
      12.1612,
      -70.4031
    ],
    "yaw_rad": -2.552544031041707
  },
  "r22_p1125_k02": {
    "commanded": [
      50.22254512643125,
      18.292331470655995,
      -70.46761703491211,
      -123.75000000000001
    ],
    "actual_xyz": [
      50.1612,
      18.2005,
      -70.4031
    ],
    "yaw_rad": -2.159844949342983
  },
  "r22_p1125_k03": {
    "commanded": [
      42.29198708435482,
      21.57727616887107,
      -70.46761703491211,
      -101.25
    ],
    "actual_xyz": [
      42.2705,
      21.469,
      -70.4031
    ],
    "yaw_rad": -1.7671458676442586
  },
  "r22_p1125_k04": {
    "commanded": [
      33.70801291564518,
      21.57727616887107,
      -70.46761703491211,
      -78.75
    ],
    "actual_xyz": [
      33.7296,
      21.469,
      -70.4031
    ],
    "yaw_rad": -1.3744467859455345
  },
  "r22_p1125_k05": {
    "commanded": [
      25.777454873568757,
      18.292331470656,
      -70.46761703491211,
      -56.25000000000002
    ],
    "actual_xyz": [
      25.8388,
      18.2005,
      -70.4031
    ],
    "yaw_rad": -0.9817477042468108
  },
  "r22_p1125_k06": {
    "commanded": [
      19.707668529344,
      12.222545126431248,
      -70.46761703491211,
      -33.74999999999999
    ],
    "actual_xyz": [
      19.7883,
      12.1745,
      -70.3552
    ],
    "yaw_rad": -0.5890486225480861
  },
  "r22_p1125_k07": {
    "commanded": [
      16.42272383112893,
      4.29198708435483,
      -70.46761703491211,
      -11.250000000000021
    ],
    "actual_xyz": [
      16.5341,
      4.2747,
      -70.4017
    ],
    "yaw_rad": -0.19634954084936246
  },
  "r22_p1125_k08": {
    "commanded": [
      16.42272383112893,
      -4.291987084354824,
      -70.46761703491211,
      11.250000000000007
    ],
    "actual_xyz": [
      16.5331,
      -4.2671,
      -70.4089
    ],
    "yaw_rad": 0.1963495408493622
  },
  "r22_p1125_k09": {
    "commanded": [
      19.707668529344,
      -12.222545126431243,
      -70.46761703491211,
      33.74999999999998
    ],
    "actual_xyz": [
      19.8007,
      -12.159,
      -70.4079
    ],
    "yaw_rad": 0.5890486225480859
  },
  "r22_p1125_k10": {
    "commanded": [
      25.77745487356875,
      -18.292331470655995,
      -70.46761703491211,
      56.25
    ],
    "actual_xyz": [
      25.8393,
      -18.1992,
      -70.406
    ],
    "yaw_rad": 0.9817477042468103
  },
  "r22_p1125_k11": {
    "commanded": [
      33.70801291564517,
      -21.577276168871066,
      -70.46761703491211,
      78.74999999999999
    ],
    "actual_xyz": [
      33.7296,
      -21.4684,
      -70.4043
    ],
    "yaw_rad": 1.3744467859455343
  },
  "r22_p1125_k12": {
    "commanded": [
      42.29198708435482,
      -21.57727616887107,
      -70.46761703491211,
      101.25
    ],
    "actual_xyz": [
      42.2704,
      -21.4689,
      -70.4032
    ],
    "yaw_rad": 1.7671458676442586
  },
  "r22_p1125_k13": {
    "commanded": [
      50.22254512643126,
      -18.29233147065599,
      -70.46761703491211,
      123.75000000000004
    ],
    "actual_xyz": [
      50.1612,
      -18.2005,
      -70.4031
    ],
    "yaw_rad": 2.1598449493429834
  },
  "r22_p1125_k14": {
    "commanded": [
      56.292331470655995,
      -12.222545126431248,
      -70.46761703491211,
      146.25
    ],
    "actual_xyz": [
      56.2005,
      -12.1612,
      -70.4031
    ],
    "yaw_rad": 2.552544031041707
  },
  "r22_p1125_k15": {
    "commanded": [
      59.577276168871066,
      -4.291987084354832,
      -70.46761703491211,
      168.75
    ],
    "actual_xyz": [
      59.4689,
      -4.2705,
      -70.4031
    ],
    "yaw_rad": 2.9452431127404313
  }
}