{
  "r18_p1125_k00": {
    "commanded": [
      55.65413504725815,
      3.5116257962903084,
      -70.46761703491211,
      -168.75
    ],
    "actual_xyz": [
      55.5458,
      3.4901,
      -70.4031
    ],
    "yaw_rad": -2.9452431127404313
  },
  "r18_p1125_k01": {
    "commanded": [
      52.966453021445815,
      10.00026419435284,
      -70.46761703491211,
      -146.25
    ],
    "actual_xyz": [
      52.8746,
      9.9389,
      -70.4031
    ],
    "yaw_rad": -2.552544031041707
  },
  "r18_p1125_k02": {
    "commanded": [
      48.00026419435284,
      14.966453021445814,
      -70.46761703491211,
      -123.74999999999999
    ],
    "actual_xyz": [
      47.9389,
      14.8746,
      -70.4031
    ],
    "yaw_rad": -2.1598449493429825
  },
  "r18_p1125_k03": {
    "commanded": [
      41.51162579629031,
      17.654135047258148,
      -70.46761703491211,
      -101.25000000000001
    ],
    "actual_xyz": [
      41.4901,
      17.5458,
      -70.4031
    ],
    "yaw_rad": -1.7671458676442588
  },
  "r18_p1125_k04": {
    "commanded": [
      34.48837420370969,
      17.654135047258148,
      -70.46761703491211,
      -78.75
    ],
    "actual_xyz": [
      34.5099,
      17.5458,
      -70.4031
    ],
    "yaw_rad": -1.3744467859455345
  },
  "r18_p1125_k05": {
    "commanded": [
      27.999735805647163,
      14.966453021445815,
      -70.46761703491211,
      -56.250000000000014
    ],
    "actual_xyz": [
      28.0611,
      14.8746,
      -70.4031
    ],
    "yaw_rad": -0.9817477042468106
  },
  "r18_p1125_k06": {
    "commanded": [
      23.033546978554185,
      10.00026419435284,
      -70.46761703491211,
      -33.75
    ],
    "actual_xyz": [
      23.1263,
      9.9203,
      -70.3832
    ],
    "yaw_rad": -0.5890486225480862
  },
  "r18_p1125_k07": {
    "commanded": [
      20.345864952741852,
      3.511625796290315,
      -70.46761703491211,
      -11.250000000000021
    ],
    "actual_xyz": [
      20.4534,
      3.4911,
      -70.401
    ],
    "yaw_rad": -0.19634954084936246
  },
  "r18_p1125_k08": {
    "commanded": [
      20.345864952741852,
      -3.5116257962903106,
      -70.46761703491211,
      11.250000000000007
    ],
    "actual_xyz": [
      20.4541,
      -3.4896,
      -70.4031
    ],
    "yaw_rad": 0.1963495408493622
  },
  "r18_p1125_k09": {
    "commanded": [
      23.03354697855418,
      -10.000264194352836,
      -70.46761703491211,
      33.74999999999998
    ],
    "actual_xyz": [
      23.1254,
      -9.9389,
      -70.4032
    ],
    "yaw_rad": 0.5890486225480859
  },
  "r18_p1125_k10": {
    "commanded": [
      27.999735805647163,
      -14.966453021445814,
      -70.46761703491211,
      56.25000000000001
    ],
    "actual_xyz": [
      28.0611,
      -14.8746,
      -70.4031
    ],
    "yaw_rad": 0.9817477042468105
  },
  "r18_p1125_k11": {
    "commanded": [
      34.48837420370968,
      -17.654135047258144,
      -70.46761703491211,
      78.74999999999997
    ],
    "actual_xyz": [
      34.5099,
      -17.5458,
      -70.4031
    ],
    "yaw_rad": 1.374446785945534
  },
  "r18_p1125_k12": {
    "commanded": [
      41.51162579629031,
      -17.654135047258148,
      -70.46761703491211,
      101.25000000000001
    ],
    "actual_xyz": [
      41.4901,
      -17.5458,
      -70.4031
    ],
    "yaw_rad": 1.7671458676442588
  },
  "r18_p1125_k13": {
    "commanded": [
      48.00026419435285,
      -14.96645302144581,
      -70.46761703491211,
      123.75000000000004
    ],
    "actual_xyz": [
      47.9389,
      -14.8746,
      -70.4031
    ],
    "yaw_rad": 2.1598449493429834
  },
  "r18_p1125_k14": {
    "commanded": [
      52.966453021445815,
      -10.00026419435284,
      -70.46761703491211,
      146.25
    ],
    "actual_xyz": [
      52.8746,
      -9.9389,
      -70.4031
    ],
    "yaw_rad": 2.552544031041707
  },
  "r18_p1125_k15": {
    "commanded": [
      55.654135047258144,
      -3.511625796290317,
      -70.46761703491211,
      168.75
    ],
    "actual_xyz": [
      55.5458,
      -3.4901,
      -70.4031
    ],
    "yaw_rad": 2.9452431127404313
  }
}