{
  "lawnmower": {
    "0.25": {
      "rmse_all": {
        "mean": 0.9388991813360263,
        "std": 0.20367766422163397
      },
      "rmse_plume": {
        "mean": 1.2773600724014538,
        "std": 0.3544460622263554
      },
      "mae_all": {
        "mean": 0.5904245376754717,
        "std": 0.11925081322515117
      },
      "boundary_f1": {
        "mean": 0.5593596087626476,
        "std": 0.0950909229490244
      },
      "boundary_iou": {
        "mean": 0.3950442253640707,
        "std": 0.10305455787930225
      },
      "coverage_frac": {
        "mean": 0.2973924251437636,
        "std": 0.011193883179383923
      },
      "in_plume_frac": {
        "mean": 0.3146692826949559,
        "std": 0.01753684783555299
      },
      "n_samples": {
        "mean": 439.0833333333333,
        "std": 0.6400954789890506
      },
      "verdict_accuracy": 0.75,
      "screening_correct": 0.75,
      "screening_inconclusive": 0.25,
      "screening_wrong": 0.0
    },
    "0.5": {
      "rmse_all": {
        "mean": 0.8655559239972209,
        "std": 0.19281029139949515
      },
      "rmse_plume": {
        "mean": 1.196382930057654,
        "std": 0.3274550842857649
      },
      "mae_all": {
        "mean": 0.5505374874758892,
        "std": 0.11076474103178212
      },
      "boundary_f1": {
        "mean": 0.590126642240985,
        "std": 0.10631873035832835
      },
      "boundary_iou": {
        "mean": 0.4272977001822181,
        "std": 0.11603105493117026
      },
      "coverage_frac": {
        "mean": 0.5028256989886972,
        "std": 0.01594045851140747
      },
      "in_plume_frac": {
        "mean": 0.15770836616326647,
        "std": 0.008783436471365716
      },
      "n_samples": {
        "mean": 876.0833333333334,
        "std": 0.8620067027323834
      },
      "verdict_accuracy": 0.8333333333333334,
      "screening_correct": 0.8333333333333334,
      "screening_inconclusive": 0.16666666666666666,
      "screening_wrong": 0.0
    },
    "0.75": {
      "rmse_all": {
        "mean": 0.546330801004972,
        "std": 0.1014212163848055
      },
      "rmse_plume": {
        "mean": 0.6182574012230615,
        "std": 0.11782974807054715
      },
      "mae_all": {
        "mean": 0.34919350731005966,
        "std": 0.06166515247821989
      },
      "boundary_f1": {
        "mean": 0.6723554195244694,
        "std": 0.10119347593624473
      },
      "boundary_iou": {
        "mean": 0.5153741051463382,
        "std": 0.11791664189493238
      },
      "coverage_frac": {
        "mean": 0.6546202657148523,
        "std": 0.02801903453372469
      },
      "in_plume_frac": {
        "mean": 0.20537844736945965,
        "std": 0.015095434340951591
      },
      "n_samples": {
        "mean": 1313.0,
        "std": 1.0801234497346435
      },
      "verdict_accuracy": 0.8333333333333334,
      "screening_correct": 0.8333333333333334,
      "screening_inconclusive": 0.16666666666666666,
      "screening_wrong": 0.0
    },
    "1": {
      "rmse_all": {
        "mean": 0.4332615066806047,
        "std": 0.05544235061240979
      },
      "rmse_plume": {
        "mean": 0.3593068776944956,
        "std": 0.06642803729802911
      },
      "mae_all": {
        "mean": 0.29528449353480013,
        "std": 0.0378725855317484
      },
      "boundary_f1": {
        "mean": 0.7845219307035842,
        "std": 0.03851923774228795
      },
      "boundary_iou": {
        "mean": 0.6470715108063135,
        "std": 0.05139451392560856
      },
      "coverage_frac": {
        "mean": 0.7993753718024985,
        "std": 0.005398524479893096
      },
      "in_plume_frac": {
        "mean": 0.22043227231149776,
        "std": 0.0036863296591944407
      },
      "n_samples": {
        "mean": 1750.3333333333333,
        "std": 1.1785113019775793
      },
      "verdict_accuracy": 0.6666666666666666,
      "screening_correct": 0.6666666666666666,
      "screening_inconclusive": 0.3333333333333333,
      "screening_wrong": 0.0
    }
  },
  "adaptive": {
    "0.25": {
      "rmse_all": {
        "mean": 0.8702591811461159,
        "std": 0.18304963509015584
      },
      "rmse_plume": {
        "mean": 1.0467359877790405,
        "std": 0.3384758655467769
      },
      "mae_all": {
        "mean": 0.5900053079048879,
        "std": 0.11557871952117187
      },
      "boundary_f1": {
        "mean": 0.6065855693163756,
        "std": 0.15155377909126677
      },
      "boundary_iou": {
        "mean": 0.4526045772413199,
        "std": 0.15997856428889107
      },
      "coverage_frac": {
        "mean": 0.27577830656355345,
        "std": 0.020199003168503683
      },
      "in_plume_frac": {
        "mean": 0.44089829745101294,
        "std": 0.04578041155976476
      },
      "n_samples": {
        "mean": 442.0,
        "std": 2.160246899469287
      },
      "verdict_accuracy": 0.8333333333333334,
      "screening_correct": 0.8333333333333334,
      "screening_inconclusive": 0.16666666666666666,
      "screening_wrong": 0.0
    },
    "0.5": {
      "rmse_all": {
        "mean": 0.783965472586511,
        "std": 0.20660145295663476
      },
      "rmse_plume": {
        "mean": 0.9721188420195315,
        "std": 0.34189547400269776
      },
      "mae_all": {
        "mean": 0.5329459318076767,
        "std": 0.12842115887626843
      },
      "boundary_f1": {
        "mean": 0.6736546787060017,
        "std": 0.12324185147167761
      },
      "boundary_iou": {
        "mean": 0.5209262189370479,
        "std": 0.14064878898558428
      },
      "coverage_frac": {
        "mean": 0.505601824310926,
        "std": 0.06645037026988428
      },
      "in_plume_frac": {
        "mean": 0.3807144606408291,
        "std": 0.05385753779838305
      },
      "n_samples": {
        "mean": 885.5,
        "std": 2.254624876411447
      },
      "verdict_accuracy": 0.6666666666666666,
      "screening_correct": 0.6666666666666666,
      "screening_inconclusive": 0.3333333333333333,
      "screening_wrong": 0.0
    },
    "0.75": {
      "rmse_all": {
        "mean": 0.6341273957659938,
        "std": 0.1593641246204985
      },
      "rmse_plume": {
        "mean": 0.7068890579638224,
        "std": 0.21530158773385266
      },
      "mae_all": {
        "mean": 0.41289113465655786,
        "std": 0.08234463909404871
      },
      "boundary_f1": {
        "mean": 0.7619523712312887,
        "std": 0.0854775084595927
      },
      "boundary_iou": {
        "mean": 0.6232171382759614,
        "std": 0.11264914335689931
      },
      "coverage_frac": {
        "mean": 0.7305175490779298,
        "std": 0.06280183347335136
      },
      "in_plume_frac": {
        "mean": 0.3113915294611446,
        "std": 0.03509973185266837
      },
      "n_samples": {
        "mean": 1327.1666666666667,
        "std": 2.823512391016236
      },
      "verdict_accuracy": 0.6666666666666666,
      "screening_correct": 0.6666666666666666,
      "screening_inconclusive": 0.3333333333333333,
      "screening_wrong": 0.0
    },
    "1": {
      "rmse_all": {
        "mean": 0.5470794456147762,
        "std": 0.17027383802364487
      },
      "rmse_plume": {
        "mean": 0.5432214905390166,
        "std": 0.12507482981206267
      },
      "mae_all": {
        "mean": 0.3582103974851299,
        "std": 0.08279067787863953
      },
      "boundary_f1": {
        "mean": 0.7283747856967686,
        "std": 0.07942464487908743
      },
      "boundary_iou": {
        "mean": 0.5790876479923841,
        "std": 0.10108132012093893
      },
      "coverage_frac": {
        "mean": 0.8982748364069005,
        "std": 0.021061750109578184
      },
      "in_plume_frac": {
        "mean": 0.2965657794640357,
        "std": 0.025769161266827257
      },
      "n_samples": {
        "mean": 1767.9166666666667,
        "std": 2.43099202430247
      },
      "verdict_accuracy": 0.6666666666666666,
      "screening_correct": 0.6666666666666666,