{
  "lawnmower": {
    "0.25": {
      "rmse_all": {
        "mean": 0.9743830990858877,
        "std": 0.22203645684963613
      },
      "rmse_plume": {
        "mean": 1.3487329741931322,
        "std": 0.3967596751282736
      },
      "mae_all": {
        "mean": 0.6124678407050287,
        "std": 0.11529073426326764
      },
      "boundary_f1": {
        "mean": 0.5430545526047024,
        "std": 0.08011944512679545
      },
      "boundary_iou": {
        "mean": 0.3774197262874008,
        "std": 0.08561038723896702
      },
      "coverage_frac": {
        "mean": 0.29604402141582387,
        "std": 0.009391398456642027
      },
      "in_plume_frac": {
        "mean": 0.3124990225057704,
        "std": 0.014085797495019772
      },
      "n_samples": {
        "mean": 439.2,
        "std": 0.6
      },
      "verdict_accuracy": 0.8,
      "screening_correct": 0.8,
      "screening_inconclusive": 0.2,
      "screening_wrong": 0.0
    },
    "0.5": {
      "rmse_all": {
        "mean": 0.9043411109580033,
        "std": 0.2248807922728588
      },
      "rmse_plume": {
        "mean": 1.2601226032415802,
        "std": 0.3645167537717833
      },
      "mae_all": {
        "mean": 0.5679575592922864,
        "std": 0.11581028358876995
      },
      "boundary_f1": {
        "mean": 0.5672477810089879,
        "std": 0.09512273930010573
      },
      "boundary_iou": {
        "mean": 0.40260676611772805,
        "std": 0.10116677828663907
      },
      "coverage_frac": {
        "mean": 0.5005651397977394,
        "std": 0.01293168215087937
      },
      "in_plume_frac": {
        "mean": 0.15665950243093216,
        "std": 0.00705701723692561
      },
      "n_samples": {
        "mean": 876.1,
        "std": 0.7681145747868608
      },
      "verdict_accuracy": 0.85,
      "screening_correct": 0.85,
      "screening_inconclusive": 0.15,
      "screening_wrong": 0.0
    },
    "0.75": {
      "rmse_all": {
        "mean": 0.568856672410744,
        "std": 0.08477664709385632
      },
      "rmse_plume": {
        "mean": 0.6244143612779757,
        "std": 0.1036291585418472
      },
      "mae_all": {
        "mean": 0.3610486423403213,
        "std": 0.052050493774419476
      },
      "boundary_f1": {
        "mean": 0.646747487657665,
        "std": 0.0935723784266846
      },
      "boundary_iou": {
        "mean": 0.48530827382138686,
        "std": 0.10727456767536205
      },
      "coverage_frac": {
        "mean": 0.651249256395003,
        "std": 0.02237971862956042
      },
      "in_plume_frac": {
        "mean": 0.20759158626288782,
        "std": 0.012177107158781498
      },
      "n_samples": {
        "mean": 1312.9,
        "std": 0.9949874371066199
      },
      "verdict_accuracy": 0.9,
      "screening_correct": 0.9,
      "screening_inconclusive": 0.1,
      "screening_wrong": 0.0
    },
    "1": {
      "rmse_all": {
        "mean": 0.44954833142291095,
        "std": 0.050819909316369344
      },
      "rmse_plume": {
        "mean": 0.38289068081429833,
        "std": 0.05512108883908232
      },
      "mae_all": {
        "mean": 0.30821525641562464,
        "std": 0.033121369078154446
      },
      "boundary_f1": {
        "mean": 0.7759269064167729,
        "std": 0.044031292707527
      },
      "boundary_iou": {
        "mean": 0.6359794025665481,
        "std": 0.058134935852953845
      },
      "coverage_frac": {
        "mean": 0.7985425342058299,
        "std": 0.004344180869392929
      },
      "in_plume_frac": {
        "mean": 0.22049390072781003,
        "std": 0.0034765752616698464
      },
      "n_samples": {
        "mean": 1749.7,
        "std": 0.9539392014169455
      },
      "verdict_accuracy": 0.8,
      "screening_correct": 0.8,
      "screening_inconclusive": 0.2,
      "screening_wrong": 0.0
    }
  },
  "adaptive": {
    "0.25": {
      "rmse_all": {
        "mean": 0.8819658172966081,
        "std": 0.19031418062260666
      },
      "rmse_plume": {
        "mean": 1.0107785310431026,
        "std": 0.2964340816162803
      },
      "mae_all": {
        "mean": 0.5915404336041977,
        "std": 0.10469206880368873
      },
      "boundary_f1": {
        "mean": 0.6049400430543255,
        "std": 0.13409095305557842
      },
      "boundary_iou": {
        "mean": 0.44706187341227677,
        "std": 0.14068407881478706
      },
      "coverage_frac": {
        "mean": 0.2809042236763831,
        "std": 0.018955808463204694
      },
      "in_plume_frac": {
        "mean": 0.4308041713731902,
        "std": 0.06409633755545212
      },
      "n_samples": {
        "mean": 442.25,
        "std": 1.920286436967152
      },
      "verdict_accuracy": 0.8,
      "screening_correct": 0.8,
      "screening_inconclusive": 0.2,
      "screening_wrong": 0.0
    },
    "0.5": {
      "rmse_all": {
        "mean": 0.852309739180888,
        "std": 0.26961605325670174
      },
      "rmse_plume": {
        "mean": 0.9176811709519587,
        "std": 0.3247450215615966
      },
      "mae_all": {
        "mean": 0.5577318269496454,
        "std": 0.13338212442429187
      },
      "boundary_f1": {
        "mean": 0.6859063806068887,
        "std": 0.11155676543031781
      },
      "boundary_iou": {
        "mean": 0.5327308358065274,
        "std": 0.1273247630247236
      },
      "coverage_frac": {
        "mean": 0.5014574657941702,
        "std": 0.05617024208811493
      },
      "in_plume_frac": {
        "mean": 0.38953747649266013,
        "std": 0.0605794071727523
      },
      "n_samples": {
        "mean": 886.25,
        "std": 2.7179955849853767
      },
      "verdict_accuracy": 0.75,
      "screening_correct": 0.75,
      "screening_inconclusive": 0.25,
      "screening_wrong": 0.0
    },
    "0.75": {
      "rmse_all": {
        "mean": 0.6341424458710617,
        "std": 0.1375106670910055
      },
      "rmse_plume": {
        "mean": 0.6826909999207403,
        "std": 0.19883178611549837
      },
      "mae_all": {
        "mean": 0.41572921052356077,
        "std": 0.07158504598894772
      },
      "boundary_f1": {
        "mean": 0.7446919923689044,
        "std": 0.10052995423527207
      },
      "boundary_iou": {
        "mean": 0.6033975241546656,
        "std": 0.12742394170689667
      },
      "coverage_frac": {
        "mean": 0.730844735276621,
        "std": 0.05115361628593533
      },
      "in_plume_frac": {
        "mean": 0.31639197724303625,
        "std": 0.04043165316493123
      },
      "n_samples": {
        "mean": 1327.7,
        "std": 3.018277654557314
      },
      "verdict_accuracy": 0.7,
      "screening_correct": 0.7,
      "screening_inconclusive": 0.3,
      "screening_wrong": 0.0
    },
    "1": {
      "rmse_all": {
        "mean": 0.5861886885093982,
        "std": 0.209094846058051
      },
      "rmse_plume": {
        "mean": 0.5574270494964846,
        "std": 0.13572037667849063
      },
      "mae_all": {
        "mean": 0.37646848934541133,
        "std": 0.09636484391512705
      },
      "boundary_f1": {
        "mean": 0.7251343126220255,
        "std": 0.09051750320438745
      },
      "boundary_iou": {
        "mean": 0.5768827437858199,
        "std": 0.11438459358882622
      },
      "coverage_frac": {
        "mean": 0.8909577632361689,
        "std": 0.02863555549495541
      },
      "in_plume_frac": {
        "mean": 0.29931202550255875,
        "std": 0.03127969888623788
      },
      "n_samples": {
        "mean": 1768.35,
        "std": 3.1348843678834473
      },
      "verdict_accuracy": 0.65,
      "screening_correct": 0.65,
      "screening_inconclusive": 0.35,
      "screening_wrong": 0.0
    }
  }
}