{
  "lawnmower": {
    "0.25": {
      "rmse_all": {
        "mean": 0.9292511200360135,
        "std": 0.20148094547186068
      },
      "rmse_plume": {
        "mean": 1.2590790027217569,
        "std": 0.36693615129228285
      },
      "mae_all": {
        "mean": 0.5939617206602017,
        "std": 0.10966605037842941
      },
      "boundary_f1": {
        "mean": 0.5729575250977117,
        "std": 0.07942128934478412
      },
      "boundary_iou": {
        "mean": 0.4063669490480407,
        "std": 0.08796052916100544
      },
      "coverage_frac": {
        "mean": 0.29604402141582387,
        "std": 0.009391398456642027
      },
      "in_plume_frac": {
        "mean": 0.31523095812873325,
        "std": 0.014755810090966895
      },
      "n_samples": {
        "mean": 439.2,
        "std": 0.6
      },
      "verdict_accuracy": 0.8,
      "screening_correct": 0.8,
      "screening_inconclusive": 0.2,
      "screening_wrong": 0.0
    },
    "0.5": {
      "rmse_all": {
        "mean": 0.8650602691822062,
        "std": 0.21025081948144614
      },
      "rmse_plume": {
        "mean": 1.1803753553655674,
        "std": 0.3397270683978941
      },
      "mae_all": {
        "mean": 0.5523399404627274,
        "std": 0.11153891056328831
      },
      "boundary_f1": {
        "mean": 0.5997435106481431,
        "std": 0.09780379264761346
      },
      "boundary_iou": {
        "mean": 0.4360835606126301,
        "std": 0.11187644103297095
      },
      "coverage_frac": {
        "mean": 0.5005651397977394,
        "std": 0.01293168215087937
      },
      "in_plume_frac": {
        "mean": 0.15802930169964924,
        "std": 0.007397475562660602
      },
      "n_samples": {
        "mean": 876.1,
        "std": 0.7681145747868608
      },
      "verdict_accuracy": 0.75,
      "screening_correct": 0.75,
      "screening_inconclusive": 0.25,
      "screening_wrong": 0.0
    },
    "0.75": {
      "rmse_all": {
        "mean": 0.5443875425298268,
        "std": 0.07796058471527761
      },
      "rmse_plume": {
        "mean": 0.590461109794928,
        "std": 0.1091982801617353
      },
      "mae_all": {
        "mean": 0.3481402056729959,
        "std": 0.04962562558391199
      },
      "boundary_f1": {
        "mean": 0.672147401934309,
        "std": 0.0909719098843535
      },
      "boundary_iou": {
        "mean": 0.513758180463132,
        "std": 0.11086642120498101
      },
      "coverage_frac": {
        "mean": 0.651249256395003,
        "std": 0.02237971862956042
      },
      "in_plume_frac": {
        "mean": 0.207477750153938,
        "std": 0.011069108436477529
      },
      "n_samples": {
        "mean": 1312.9,
        "std": 0.9949874371066199
      },
      "verdict_accuracy": 0.9,
      "screening_correct": 0.9,
      "screening_inconclusive": 0.1,
      "screening_wrong": 0.0
    },
    "1": {
      "rmse_all": {
        "mean": 0.4351742822700272,
        "std": 0.05217444365969946
      },
      "rmse_plume": {
        "mean": 0.38097206479920753,
        "std": 0.05875645619104841
      },
      "mae_all": {
        "mean": 0.2985270337556394,
        "std": 0.03410006565630142
      },
      "boundary_f1": {
        "mean": 0.791189935163614,
        "std": 0.046942822804833896
      },
      "boundary_iou": {
        "mean": 0.6570121114113866,
        "std": 0.06423895324959185
      },
      "coverage_frac": {
        "mean": 0.7985425342058299,
        "std": 0.004344180869392929
      },
      "in_plume_frac": {
        "mean": 0.2204944233637413,
        "std": 0.00284721844070231
      },
      "n_samples": {
        "mean": 1749.7,
        "std": 0.9539392014169455
      },
      "verdict_accuracy": 0.85,
      "screening_correct": 0.85,
      "screening_inconclusive": 0.15,
      "screening_wrong": 0.0
    }
  },
  "adaptive": {
    "0.25": {
      "rmse_all": {
        "mean": 0.9208269136319727,
        "std": 0.2620626350368762
      },
      "rmse_plume": {
        "mean": 1.12039401583361,
        "std": 0.4488821773804288
      },
      "mae_all": {
        "mean": 0.609314064382741,
        "std": 0.13755829178739856
      },
      "boundary_f1": {
        "mean": 0.5681213955487716,
        "std": 0.09900732339471546
      },
      "boundary_iou": {
        "mean": 0.40387413558937346,
        "std": 0.10328615791430554
      },
      "coverage_frac": {
        "mean": 0.2720999405116003,
        "std": 0.018720801865536305
      },
      "in_plume_frac": {
        "mean": 0.4578640038068097,
        "std": 0.04240388359145455
      },
      "n_samples": {
        "mean": 442.5,
        "std": 1.7748239349298849
      },
      "verdict_accuracy": 0.9,
      "screening_correct": 0.9,
      "screening_inconclusive": 0.1,
      "screening_wrong": 0.0
    },
    "0.5": {
      "rmse_all": {
        "mean": 0.8409889340841072,
        "std": 0.2870537542498431
      },
      "rmse_plume": {
        "mean": 1.0007194849447834,
        "std": 0.4222933403562362
      },
      "mae_all": {
        "mean": 0.5415607254846141,
        "std": 0.12546701258914508
      },
      "boundary_f1": {
        "mean": 0.7022412091185144,
        "std": 0.11293917711208849
      },
      "boundary_iou": {
        "mean": 0.5521997461743021,
        "std": 0.12797105110332738
      },
      "coverage_frac": {
        "mean": 0.5029446757882213,
        "std": 0.06666881575810925
      },
      "in_plume_frac": {
        "mean": 0.37624011236309973,
        "std": 0.06474752437231883
      },
      "n_samples": {
        "mean": 884.95,
        "std": 2.4994999499899975
      },
      "verdict_accuracy": 0.6,
      "screening_correct": 0.6,
      "screening_inconclusive": 0.4,
      "screening_wrong": 0.0
    },
    "0.75": {
      "rmse_all": {
        "mean": 0.5718274419935649,
        "std": 0.10382481812579762
      },
      "rmse_plume": {
        "mean": 0.6533395214436563,
        "std": 0.20140317508491648
      },
      "mae_all": {
        "mean": 0.39901041614290056,
        "std": 0.06688068172494652
      },
      "boundary_f1": {
        "mean": 0.7081086523320168,
        "std": 0.13128075969893815
      },
      "boundary_iou": {
        "mean": 0.5633066049029057,
        "std": 0.1499607045415675
      },
      "coverage_frac": {
        "mean": 0.7337894110648424,
        "std": 0.05233001492204166
      },
      "in_plume_frac": {
        "mean": 0.3320628485036473,
        "std": 0.044537414398353715
      },
      "n_samples": {
        "mean": 1326.55,
        "std": 3.412843389316304
      },
      "verdict_accuracy": 0.5,
      "screening_correct": 0.5,
      "screening_inconclusive": 0.5,
      "screening_wrong": 0.0
    },
    "1": {
      "rmse_all": {
        "mean": 0.44224134680301963,
        "std": 0.044527213602049524
      },
      "rmse_plume": {
        "mean": 0.49789758194706585,
        "std": 0.07649085804924856
      },
      "mae_all": {
        "mean": 0.3149332720463659,
        "std": 0.028593391271363823
      },
      "boundary_f1": {
        "mean": 0.7365840477966892,
        "std": 0.08701600191327995
      },
      "boundary_iou": {
        "mean": 0.5906299029664315,
        "std": 0.11093348430446355
      },
      "coverage_frac": {
        "mean": 0.9047293277810826,
        "std": 0.0220759479782692
      },
      "in_plume_frac": {
        "mean": 0.2854425433499419,
        "std": 0.027919263798458202
      },
      "n_samples": {
        "mean": 1766.35,
        "std": 4.174625731727337
      },
      "verdict_accuracy": 0.4,
      "screening_correct": 0.4,
      "screening_inconclusive": 0.6,
      "screening_wrong": 0.0
    }
  }
}