{
  "bed_z": -73.46761703491211,
  "poses": {
    "b000_r12": {
      "commanded": [
        50.0,
        0.0,
        -70.46761703491211,
        180.0
      ],
      "actual_xyz": [
        49.8895,
        -0.0,
        -70.4031
      ]
    },
    "b000_r18": {
      "commanded": [
        56.0,
        0.0,
        -70.46761703491211,
        180.0
      ],
      "actual_xyz": [
        55.8896,
        -0.0,
        -70.4031
      ]
    },
    "b000_r30": {
      "commanded": [
        68.0,
        0.0,
        -70.46761703491211,
        180.0
      ],
      "actual_xyz": [
        67.8901,
        -0.0019,
        -70.3897
      ]
    },
    "b090_r18": {
      "commanded": [
        38.0,
        18.0,
        -70.46761703491211,
        -90.0
      ],
      "actual_xyz": [
        37.9989,
        17.8899,
        -70.4027
      ]
    },
    "b180_r18": {
      "commanded": [
        20.0,
        2.204364238465236e-15,
        -70.46761703491211,
        -7.016709298534876e-15
      ],
      "actual_xyz": [
        20.11,
        0.0,
        -70.4023
      ]
    },
    "b270_r18": {
      "commanded": [
        38.0,
        -18.0,
        -70.46761703491211,
        90.0
      ],
      "actual_xyz": [
        38.0,
        -17.8895,
        -70.4031
      ]
    },
    "b045_r24": {
      "commanded": [
        54.97056274847714,
        16.970562748477143,
        -70.46761703491211,
        -135.0
      ],
      "actual_xyz": [
        54.8925,
        16.8925,
        -70.4031
      ]
    },
    "b225_r24": {
      "commanded": [
        21.029437251522857,
        -16.97056274847714,
        -70.46761703491211,
        44.99999999999999
      ],
      "actual_xyz": [
        21.1075,
        -16.8924,
        -70.4031
      ]
    }
  }
}