{
  "lawnmower": {
    "0.25": {
      "rmse_all": {
        "mean": 0.9035470754296026,
        "std": 0.19566597796336788
      },
      "rmse_plume": {
        "mean": 1.2016286044819067,
        "std": 0.35471793049872496
      },
      "mae_all": {
        "mean": 0.5729572105619253,
        "std": 0.11609849504943322
      },
      "boundary_f1": {
        "mean": 0.5915056283434911,
        "std": 0.09061245883508967
      },
      "boundary_iou": {
        "mean": 0.4265485191203274,
        "std": 0.10297618452968058
      },
      "coverage_frac": {
        "mean": 0.2973924251437636,
        "std": 0.011193883179383923
      },
      "in_plume_frac": {
        "mean": 0.31770563153297887,
        "std": 0.018201618609078138
      },
      "n_samples": {
        "mean": 439.0833333333333,
        "std": 0.6400954789890506
      },
      "verdict_accuracy": 0.75,
      "screening_correct": 0.75,
      "screening_inconclusive": 0.25,
      "screening_wrong": 0.0
    },
    "0.5": {
      "rmse_all": {
        "mean": 0.8311506099289522,
        "std": 0.1891080765768857
      },
      "rmse_plume": {
        "mean": 1.1258959026075186,
        "std": 0.3281935834311883
      },
      "mae_all": {
        "mean": 0.5347833333030702,
        "std": 0.10994493767892109
      },
      "boundary_f1": {
        "mean": 0.62288643331506,
        "std": 0.1113402289455185
      },
      "boundary_iou": {
        "mean": 0.4628409975652694,
        "std": 0.13067485639100165
      },
      "coverage_frac": {
        "mean": 0.5028256989886972,
        "std": 0.01594045851140747
      },
      "in_plume_frac": {
        "mean": 0.15923032968891673,
        "std": 0.009119325784611818
      },
      "n_samples": {
        "mean": 876.0833333333334,
        "std": 0.8620067027323834
      },
      "verdict_accuracy": 0.75,
      "screening_correct": 0.75,
      "screening_inconclusive": 0.25,
      "screening_wrong": 0.0
    },
    "0.75": {
      "rmse_all": {
        "mean": 0.5248556780562167,
        "std": 0.09343194050884354
      },
      "rmse_plume": {
        "mean": 0.5869024395044097,
        "std": 0.12398433476635956
      },
      "mae_all": {
        "mean": 0.33774568972995317,
        "std": 0.058642547899305494
      },
      "boundary_f1": {
        "mean": 0.695090201359709,
        "std": 0.10216111965240403
      },
      "boundary_iou": {
        "mean": 0.5425044654741709,
        "std": 0.12607750263200002
      },
      "coverage_frac": {
        "mean": 0.6546202657148523,
        "std": 0.02801903453372469
      },
      "in_plume_frac": {
        "mean": 0.20512549428963256,
        "std": 0.013542791506232854
      },
      "n_samples": {
        "mean": 1313.0,
        "std": 1.0801234497346435
      },
      "verdict_accuracy": 0.8333333333333334,
      "screening_correct": 0.8333333333333334,
      "screening_inconclusive": 0.16666666666666666,
      "screening_wrong": 0.0
    },
    "1": {
      "rmse_all": {
        "mean": 0.422197645870108,
        "std": 0.05211474765185738
      },
      "rmse_plume": {
        "mean": 0.3613385730207581,
        "std": 0.06925581391395266
      },
      "mae_all": {
        "mean": 0.2864991918346936,
        "std": 0.03688467400039209
      },
      "boundary_f1": {
        "mean": 0.8014533914321244,
        "std": 0.04861952521413046
      },
      "boundary_iou": {
        "mean": 0.6714627526358098,
        "std": 0.06849948543747438
      },
      "coverage_frac": {
        "mean": 0.7993753718024985,
        "std": 0.005398524479893096
      },
      "in_plume_frac": {
        "mean": 0.22043303378156012,
        "std": 0.0031728502625951545
      },
      "n_samples": {
        "mean": 1750.3333333333333,
        "std": 1.1785113019775793
      },
      "verdict_accuracy": 0.8333333333333334,
      "screening_correct": 0.8333333333333334,
      "screening_inconclusive": 0.16666666666666666,
      "screening_wrong": 0.0
    }
  },
  "adaptive": {
    "0.25": {
      "rmse_all": {
        "mean": 0.9873647117658123,
        "std": 0.31278832966224407
      },
      "rmse_plume": {
        "mean": 1.2179077519593033,
        "std": 0.5485283722429897
      },
      "mae_all": {
        "mean": 0.6303147176416016,
        "std": 0.16839862181167262
      },
      "boundary_f1": {
        "mean": 0.5480820185185249,
        "std": 0.10198191693877101
      },
      "boundary_iou": {
        "mean": 0.38489021026389825,
        "std": 0.10596936531125846
      },
      "coverage_frac": {
        "mean": 0.2714158239143367,
        "std": 0.022355195287211353
      },
      "in_plume_frac": {
        "mean": 0.4498085484327721,
        "std": 0.04450082483037216
      },
      "n_samples": {
        "mean": 441.9166666666667,
        "std": 1.9346977943739836
      },
      "verdict_accuracy": 0.9166666666666666,
      "screening_correct": 0.9166666666666666,
      "screening_inconclusive": 0.08333333333333333,
      "screening_wrong": 0.0
    },
    "0.5": {
      "rmse_all": {
        "mean": 0.9104332334089417,
        "std": 0.34408850521154505
      },
      "rmse_plume": {
        "mean": 1.0884110404919196,
        "std": 0.5020074551964617
      },
      "mae_all": {
        "mean": 0.5690128387664672,
        "std": 0.14859717031132533
      },
      "boundary_f1": {
        "mean": 0.7075022720757617,
        "std": 0.09550378235512157
      },
      "boundary_iou": {
        "mean": 0.5553221699708651,
        "std": 0.107522446668129
      },
      "coverage_frac": {
        "mean": 0.49737259567717634,
        "std": 0.07287772422469736
      },
      "in_plume_frac": {
        "mean": 0.3750932936988505,
        "std": 0.07010145553059899
      },
      "n_samples": {
        "mean": 884.4166666666666,
        "std": 2.628635049264584
      },
      "verdict_accuracy": 0.6666666666666666,
      "screening_correct": 0.6666666666666666,
      "screening_inconclusive": 0.3333333333333333,
      "screening_wrong": 0.0
    },
    "0.75": {
      "rmse_all": {
        "mean": 0.5724640835332432,
        "std": 0.10817220524122902
      },
      "rmse_plume": {
        "mean": 0.6729693280340707,
        "std": 0.18968754853434244
      },
      "mae_all": {
        "mean": 0.3970522846702127,
        "std": 0.07060481266321296
      },
      "boundary_f1": {
        "mean": 0.706952472413647,
        "std": 0.11057487034786806
      },
      "boundary_iou": {
        "mean": 0.5578421413531826,
        "std": 0.13010698870753035
      },
      "coverage_frac": {
        "mean": 0.7439520126908586,
        "std": 0.036634469942468884
      },
      "in_plume_frac": {
        "mean": 0.3218235904061744,
        "std": 0.048297102179601224
      },
      "n_samples": {
        "mean": 1325.1666666666667,
        "std": 2.9953667926019047
      },
      "verdict_accuracy": 0.5833333333333334,
      "screening_correct": 0.5833333333333334,
      "screening_inconclusive": 0.4166666666666667,
      "screening_wrong": 0.0
    },
    "1": {
      "rmse_all": {
        "mean": 0.4304162490539391,
        "std": 0.04128132583562905
      },
      "rmse_plume": {
        "mean": 0.4841763192507855,
        "std": 0.08577725158289787
      },
      "mae_all": {
        "mean": 0.3013460122130207,
        "std": 0.031666922236496114
      },
      "boundary_f1": {
        "mean": 0.7332873657679309,
        "std": 0.06924512409827835
      },
      "boundary_iou": {
        "mean": 0.5837376607367951,
        "std": 0.08880864354878905
      },
      "coverage_frac": {
        "mean": 0.9086357326987904,
        "std": 0.02186209932420515
      },
      "in_plume_frac": {
        "mean": 0.2808318512639229,
        "std": 0.03182723637404429
      },
      "n_samples": {
        "mean": 1764.75,
        "std": 3.243583409338094
      },
      "verdict_accuracy": 0.6666666666666666,
      "screening_correct": 0.6666666666666666,
      "screening_inconclusive": 0.3333333333333333,